-- Insert into auth.users
INSERT INTO auth.users (id, email, encrypted_password, created_at, last_sign_in_at, raw_user_meta_data, is_sso_user)
VALUES
  ('a1e1b1c1-d1e1-f1a1-b1c1-d1e1f1a1b1c1', 'alice.smith@example.com', '', NOW() - INTERVAL '1 day', NOW() - INTERVAL '1 day', '{}', false),
  ('b2e2c2d2-f2a2-b2c2-d2e2-f2a2b2c2d2e2', 'bob.jones@example.com', '', NOW() - INTERVAL '2 days', NOW() - INTERVAL '2 days', '{}', false),
  ('c3f3d3e3-a3b3-c3d3-e3f3-a3b3c3d3e3f3', 'carol.brown@example.com', '', NOW() - INTERVAL '3 days', NOW() - INTERVAL '3 days', '{}', false),
  ('d4a4e4f4-b4c4-d4e4-f4a4-b4c4d4e4f4a4', 'dave.johnson@example.com', '', NOW() - INTERVAL '4 days', NOW() - INTERVAL '4 days', '{}', false),
  ('e5b5f5a5-c5d5-e5f5-a5b5-c5d5e5f5a5b5', 'eve.wilson@example.com', '', NOW() - INTERVAL '5 days', NOW() - INTERVAL '5 days', '{}', false),
  ('f6c6a6b6-d6e6-f6a6-b6c6-d6e6f6a6b6c6', 'frank.moore@example.com', '', NOW() - INTERVAL '6 days', NOW() - INTERVAL '6 days', '{}', false),
  ('a7d7b7c7-e7f7-a7b7-c7d7-e7f7a7b7c7d7', 'grace.taylor@example.com', '', NOW() - INTERVAL '7 days', NOW() - INTERVAL '7 days', '{}', false),
  ('b8e8c8d8-f8a8-b8c8-d8e8-f8a8b8c8d8e8', 'heidi.anderson@example.com', '', NOW() - INTERVAL '8 days', NOW() - INTERVAL '8 days', '{}', false),
  ('c9f9d9e9-a9b9-c9d9-e9f9-a9b9c9d9e9f9', 'ivan.thomas@example.com', '', NOW() - INTERVAL '9 days', NOW() - INTERVAL '9 days', '{}', false),
  ('d0a0e0f0-b0c0-d0e0-f0a0-b0c0d0e0f0a0', 'judy.jackson@example.com', '', NOW() - INTERVAL '10 days', NOW() - INTERVAL '10 days', '{}', false),
  ('e1b1f1a1-c1d1-e1f1-a1b1-c1d1e1f1a1b1', 'karl.white@example.com', '', NOW() - INTERVAL '11 days', NOW() - INTERVAL '11 days', '{}', false),
  ('f2c2a2b2-d2e2-f2a2-b2c2-d2e2f2a2b2c2', 'laura.harris@example.com', '', NOW() - INTERVAL '12 days', NOW() - INTERVAL '12 days', '{}', false),
  ('a3d3b3c3-e3f3-a3b3-c3d3-e3f3a3b3c3d3', 'mike.martin@example.com', '', NOW() - INTERVAL '13 days', NOW() - INTERVAL '13 days', '{}', false),
  ('b4e4c4d4-f4a4-b4c4-d4e4-f4a4b4c4d4e4', 'nina.lee@example.com', '', NOW() - INTERVAL '14 days', NOW() - INTERVAL '14 days', '{}', false),
  ('c5f5d5e5-a5b5-c5d5-e5f5-a5b5c5d5e5f5', 'oliver.walker@example.com', '', NOW() - INTERVAL '15 days', NOW() - INTERVAL '15 days', '{}', false),
  ('d6a6e6f6-b6c6-d6e6-f6a6-b6c6d6e6f6a6', 'peggy.hall@example.com', '', NOW() - INTERVAL '16 days', NOW() - INTERVAL '16 days', '{}', false),
  ('e7b7f7a7-c7d7-e7f7-a7b7-c7d7e7f7a7b7', 'quinn.young@example.com', '', NOW() - INTERVAL '17 days', NOW() - INTERVAL '17 days', '{}', false),
  ('f8c8a8b8-d8e8-f8a8-b8c8-d8e8f8a8b8c8', 'ruth.king@example.com', '', NOW() - INTERVAL '18 days', NOW() - INTERVAL '18 days', '{}', false),
  ('a9d9b9c9-e9f9-a9b9-c9d9-e9f9a9b9c9d9', 'sam.scott@example.com', '', NOW() - INTERVAL '19 days', NOW() - INTERVAL '19 days', '{}', false),
  ('b0e0c0d0-f0a0-b0c0-d0e0-f0a0b0c0d0e0', 'tina.green@example.com', '', NOW() - INTERVAL '20 days', NOW() - INTERVAL '20 days', '{}', false),
  ('c1f1d1e1-a1b1-c1d1-e1f1-a1b1c1d1e1f1', 'ursula.baker@example.com', '', NOW() - INTERVAL '21 days', NOW() - INTERVAL '21 days', '{}', false),
  ('d2a2e2f2-b2c2-d2e2-f2a2-b2c2d2e2f2a2', 'victor.adams@example.com', '', NOW() - INTERVAL '22 days', NOW() - INTERVAL '22 days', '{}', false),
  ('e3b3f3a3-c3d3-e3f3-a3b3-c3d3e3f3a3b3', 'wendy.nelson@example.com', '', NOW() - INTERVAL '23 days', NOW() - INTERVAL '23 days', '{}', false),
  ('f4c4a4b4-d4e4-f4a4-b4c4-d4e4f4a4b4c4', 'xavier.carter@example.com', '', NOW() - INTERVAL '24 days', NOW() - INTERVAL '24 days', '{}', false),
  ('a5d5b5c5-e5f5-a5b5-c5d5-e5f5a5b5c5d5', 'yvonne.mitchell@example.com', '', NOW() - INTERVAL '25 days', NOW() - INTERVAL '25 days', '{}', false),
  ('b6e6c6d6-f6a6-b6c6-d6e6-f6a6b6c6d6e6', 'zachary.roberts@example.com', '', NOW() - INTERVAL '26 days', NOW() - INTERVAL '26 days', '{}', false),
  ('c7f7d7e7-a7b7-c7d7-e7f7-a7b7c7d7e7f7', 'amy.clark@example.com', '', NOW() - INTERVAL '27 days', NOW() - INTERVAL '27 days', '{}', false),
  ('d8a8e8f8-b8c8-d8e8-f8a8-b8c8d8e8f8a8', 'brian.lewis@example.com', '', NOW() - INTERVAL '28 days', NOW() - INTERVAL '28 days', '{}', false),
  ('e9b9f9a9-c9d9-e9f9-a9b9-c9d9e9f9a9b9', 'claire.robinson@example.com', '', NOW() - INTERVAL '29 days', NOW() - INTERVAL '29 days', '{}', false),
  ('f0c0a0b0-d0e0-f0a0-b0c0-d0e0f0a0b0c0', 'daniel.wright@example.com', '', NOW() - INTERVAL '30 days', NOW() - INTERVAL '30 days', '{}', false)
ON CONFLICT (id) DO NOTHING;

-- Insert into profiles
INSERT INTO profiles (user_id, first_name, last_name, phone)
VALUES
  ('a1e1b1c1-d1e1-f1a1-b1c1-d1e1f1a1b1c1', 'Alice', 'Smith', '555-0101'),
  ('b2e2c2d2-f2a2-b2c2-d2e2-f2a2b2c2d2e2', 'Bob', 'Jones', '555-0102'),
  ('c3f3d3e3-a3b3-c3d3-e3f3-a3b3c3d3e3f3', 'Carol', 'Brown', '555-0103'),
  ('d4a4e4f4-b4c4-d4e4-f4a4-b4c4d4e4f4a4', 'Dave', 'Johnson', '555-0104'),
  ('e5b5f5a5-c5d5-e5f5-a5b5-c5d5e5f5a5b5', 'Eve', 'Wilson', '555-0105'),
  ('f6c6a6b6-d6e6-f6a6-b6c6-d6e6f6a6b6c6', 'Frank', 'Moore', '555-0106'),
  ('a7d7b7c7-e7f7-a7b7-c7d7-e7f7a7b7c7d7', 'Grace', 'Taylor', '555-0107'),
  ('b8e8c8d8-f8a8-b8c8-d8e8-f8a8b8c8d8e8', 'Heidi', 'Anderson', '555-0108'),
  ('c9f9d9e9-a9b9-c9d9-e9f9-a9b9c9d9e9f9', 'Ivan', 'Thomas', '555-0109'),
  ('d0a0e0f0-b0c0-d0e0-f0a0-b0c0d0e0f0a0', 'Judy', 'Jackson', '555-0110'),
  ('e1b1f1a1-c1d1-e1f1-a1b1-c1d1e1f1a1b1', 'Karl', 'White', '555-0111'),
  ('f2c2a2b2-d2e2-f2a2-b2c2-d2e2f2a2b2c2', 'Laura', 'Harris', '555-0112'),
  ('a3d3b3c3-e3f3-a3b3-c3d3-e3f3a3b3c3d3', 'Mike', 'Martin', '555-0113'),
  ('b4e4c4d4-f4a4-b4c4-d4e4-f4a4b4c4d4e4', 'Nina', 'Lee', '555-0114'),
  ('c5f5d5e5-a5b5-c5d5-e5f5-a5b5c5d5e5f5', 'Oliver', 'Walker', '555-0115'),
  ('d6a6e6f6-b6c6-d6e6-f6a6-b6c6d6e6f6a6', 'Peggy', 'Hall', '555-0116'),
  ('e7b7f7a7-c7d7-e7f7-a7b7-c7d7e7f7a7b7', 'Quinn', 'Young', '555-0117'),
  ('f8c8a8b8-d8e8-f8a8-b8c8-d8e8f8a8b8c8', 'Ruth', 'King', '555-0118'),
  ('a9d9b9c9-e9f9-a9b9-c9d9-e9f9a9b9c9d9', 'Sam', 'Scott', '555-0119'),
  ('b0e0c0d0-f0a0-b0c0-d0e0-f0a0b0c0d0e0', 'Tina', 'Green', '555-0120'),
  ('c1f1d1e1-a1b1-c1d1-e1f1-a1b1c1d1e1f1', 'Ursula', 'Baker', '555-0121'),
  ('d2a2e2f2-b2c2-d2e2-f2a2-b2c2d2e2f2a2', 'Victor', 'Adams', '555-0122'),
  ('e3b3f3a3-c3d3-e3f3-a3b3-c3d3e3f3a3b3', 'Wendy', 'Nelson', '555-0123'),
  ('f4c4a4b4-d4e4-f4a4-b4c4-d4e4f4a4b4c4', 'Xavier', 'Carter', '555-0124'),
  ('a5d5b5c5-e5f5-a5b5-c5d5-e5f5a5b5c5d5', 'Yvonne', 'Mitchell', '555-0125'),
  ('b6e6c6d6-f6a6-b6c6-d6e6-f6a6b6c6d6e6', 'Zachary', 'Roberts', '555-0126'),
  ('c7f7d7e7-a7b7-c7d7-e7f7-a7b7c7d7e7f7', 'Amy', 'Clark', '555-0127'),
  ('d8a8e8f8-b8c8-d8e8-f8a8-b8c8d8e8f8a8', 'Brian', 'Lewis', '555-0128'),
  ('e9b9f9a9-c9d9-e9f9-a9b9-c9d9e9f9a9b9', 'Claire', 'Robinson', '555-0129'),
  ('f0c0a0b0-d0e0-f0a0-b0c0-d0e0f0a0b0c0', 'Daniel', 'Wright', '555-0130')
ON CONFLICT (user_id) DO NOTHING;

INSERT INTO clients (user_id, email)
VALUES
  ('a1e1b1c1-d1e1-f1a1-b1c1-d1e1f1a1b1c1', 'alice.smith@example.com'),
  ('b2e2c2d2-f2a2-b2c2-d2e2-f2a2b2c2d2e2', 'bob.jones@example.com'),
  ('c3f3d3e3-a3b3-c3d3-e3f3-a3b3c3d3e3f3', 'carol.brown@example.com'),
  ('d4a4e4f4-b4c4-d4e4-f4a4-b4c4d4e4f4a4', 'dave.johnson@example.com'),
  ('e5b5f5a5-c5d5-e5f5-a5b5-c5d5e5f5a5b5', 'eve.wilson@example.com'),
  ('f6c6a6b6-d6e6-f6a6-b6c6-d6e6f6a6b6c6', 'frank.moore@example.com'),
  ('a7d7b7c7-e7f7-a7b7-c7d7-e7f7a7b7c7d7', 'grace.taylor@example.com'),
  ('b8e8c8d8-f8a8-b8c8-d8e8-f8a8b8c8d8e8', 'heidi.anderson@example.com'),
  ('c9f9d9e9-a9b9-c9d9-e9f9-a9b9c9d9e9f9', 'ivan.thomas@example.com'),
  ('d0a0e0f0-b0c0-d0e0-f0a0-b0c0d0e0f0a0', 'judy.jackson@example.com'),
  ('e1b1f1a1-c1d1-e1f1-a1b1-c1d1e1f1a1b1', 'karl.white@example.com'),
  ('f2c2a2b2-d2e2-f2a2-b2c2-d2e2f2a2b2c2', 'laura.harris@example.com'),
  ('a3d3b3c3-e3f3-a3b3-c3d3-e3f3a3b3c3d3', 'mike.martin@example.com'),
  ('b4e4c4d4-f4a4-b4c4-d4e4-f4a4b4c4d4e4', 'nina.lee@example.com'),
  ('c5f5d5e5-a5b5-c5d5-e5f5-a5b5c5d5e5f5', 'oliver.walker@example.com'),
  ('d6a6e6f6-b6c6-d6e6-f6a6-b6c6d6e6f6a6', 'peggy.hall@example.com'),
  ('e7b7f7a7-c7d7-e7f7-a7b7-c7d7e7f7a7b7', 'quinn.young@example.com'),
  ('f8c8a8b8-d8e8-f8a8-b8c8-d8e8f8a8b8c8', 'ruth.king@example.com'),
  ('a9d9b9c9-e9f9-a9b9-c9d9-e9f9a9b9c9d9', 'sam.scott@example.com'),
  ('b0e0c0d0-f0a0-b0c0-d0e0-f0a0b0c0d0e0', 'tina.green@example.com'),
  ('c1f1d1e1-a1b1-c1d1-e1f1-a1b1c1d1e1f1', 'ursula.baker@example.com'),
  ('d2a2e2f2-b2c2-d2e2-f2a2-b2c2d2e2f2a2', 'victor.adams@example.com'),
  ('e3b3f3a3-c3d3-e3f3-a3b3-c3d3e3f3a3b3', 'wendy.nelson@example.com'),
  ('f4c4a4b4-d4e4-f4a4-b4c4-d4e4f4a4b4c4', 'xavier.carter@example.com'),
  ('a5d5b5c5-e5f5-a5b5-c5d5-e5f5a5b5c5d5', 'yvonne.mitchell@example.com'),
  ('b6e6c6d6-f6a6-b6c6-d6e6-f6a6b6c6d6e6', 'zachary.roberts@example.com'),
  ('c7f7d7e7-a7b7-c7d7-e7f7-a7b7c7d7e7f7', 'amy.clark@example.com'),
  ('d8a8e8f8-b8c8-d8e8-f8a8-b8c8d8e8f8a8', 'brian.lewis@example.com'),
  ('e9b9f9a9-c9d9-e9f9-a9b9-c9d9e9f9a9b9', 'claire.robinson@example.com'),
  ('f0c0a0b0-d0e0-f0a0-b0c0-d0e0f0a0b0c0', 'daniel.wright@example.com')
ON CONFLICT (user_id) DO NOTHING;